Model,MAE,RMSE,MAPE,R2,MAE_Improvement
Linear Regression,15.87585769432521,19.48973284592545,3.239234963548439,0.9562946740816836,70.25848852408583
Weighted Ensemble,16.364833081468287,20.04682150110763,3.339230459542464,0.9537604458613651,69.34245189991314
Random Forest,16.987017573615763,20.802375267406273,3.4746639733673956,0.9502092756657641,68.17686402619756
XGBoost,17.448043354426048,21.59235234389249,3.560237154813754,0.9463558327538115,67.31318763058697
