Method,Silhouette Score
Hierarchical,0.3452835327346381
K-Means,0.13263406517847703
DBSCAN,0.12202407600457917
